ineffective,low,average,best,lab
256.7907442,617.2862397,666.8703665,691.0265288,786.309626
