ineffective,low,average,best,lab
216.8122886,502.6133669,539.9347233,557.6447879,617.0595514
