"","xaxis","cryptokvaluewaterdelta","cryptoratiovaluewaterdelta","rotaalphavaluewaterdelta","rotaNfiftyvaluewaterdelta","rotaratiovaluewaterdelta","campalphavaluewaterdelta","campNfiftyvaluewaterdelta","campratiovaluewaterdelta"
"1",2,0.0642041439629595,0.0642065958323057,0.0886819257264679,-1.83898664861278,0.0884631550802677,1.20248484491417,-7.24151245360458,1.20248482651275
"2",3,0,0,0,0,0,0,0,0
"3",4,-33.6874353570526,-17.4189030689882,0.0693649982089621,0.0813379181619354,-11.3342398608287,1.14144920442226,1.18076953729685,1.20238668895642
