"","xaxis","ecolilevelwaterdelta","logreductionwaterdelta","drinkingwaterwaterdelta","agewaterdelta"
"1",2,1.31055903179407,1.96770641555357,0.955495110469498,-2.61941544859383
"2",3,0,0,0,0
"3",4,-104.829322696786,-0.027533731510917,-1.65185591948922,2.67894761788006
