"","xaxis","ecolilevelwaterdelta","logreductionwaterdelta","drinkingwaterwaterdelta","agewaterdelta"
"1",2,1.35533706274728,2.02833664312176,0.98738748082591,-2.70695301178508
"2",3,0,0,0,0
"3",4,-54.715471977655,-0.0288293725294395,-1.69670277107162,2.76847467114383
